time_sec,time_nsec,position_x,position_y,position_z,orientation_x,orientation_y,orientation_z,orientation_w
1733338801,593066858,0,0,0,0,0,1e-11,1
1733338801,610102742,0,0,0,0,0,1e-11,1
1733338801,631977962,0,0,0,0,0,1e-11,1
1733338801,650023519,0,0,0,0,0,1e-11,1
1733338801,670249989,0,0,0,0,0,1e-11,1
1733338801,690052072,0,0,0,0,0,1e-11,1
1733338801,712857348,0,0,0,0,0,1e-11,1
1733338801,730200307,0,0,0,0,0,1e-11,1
1733338801,750109815,0,0,0,0,0,1e-11,1
1733338801,770457247,0,0,0,0,0,1e-11,1
1733338801,790716517,0,0,0,0,0,1e-11,1
1733338801,810222918,0,0,0,0,0,1e-11,1
1733338801,831955353,0,0,0,0,0,1e-11,1
1733338801,849994318,0,0,0,0,0,1e-11,1
1733338801,871518111,0,0,0,0,0,1e-11,1
1733338801,890055960,0,0,0,0,0,1e-11,1
1733338801,910229470,0,0,0,0,0,1e-11,1
1733338801,931325164,0,0,0,0,0,1e-11,1
1733338801,950034950,0,0,0,0,0,1e-11,1
1733338801,970081515,0,0,0,0,0,1e-11,1
1733338801,994733046,0,0,0,0,0,1e-11,1
1733338802,10045748,0,0,0,0,0,1e-11,1
1733338802,30086553,0,0,0,0,0,1e-11,1
1733338802,50044797,0,0,0,0,0,1e-11,1
1733338802,72160979,0,0,0,0,0,1e-11,1
1733338802,90155880,0,0,0,0,0,1e-11,1
1733338802,123369657,0,0,0,0,0,1e-11,1
1733338802,129989808,0,0,0,0,0,1e-11,1
1733338802,149965684,0,0,0,0,0,1e-11,1
1733338802,169992185,0,0,0,0,0,1e-11,1
1733338802,190003806,0,0,0,0,0,1e-11,1
1733338802,211305389,0,0,0,0,0,1e-11,1
1733338802,230251305,0,0,0,0,0,1e-11,1
1733338802,250114541,0,0,0,0,0,1e-11,1
1733338802,269959984,0,0,0,0,0,1e-11,1
1733338802,290284536,0,0,0,0,0,1e-11,1
1733338802,309913529,0,0,0,0,0,1e-11,1
1733338802,329955742,0,0,0,0,0,1e-11,1
1733338802,350400807,0,0,0,0,0,1e-11,1
1733338802,371052785,0,0,0,0,0,1e-11,1
1733338802,390435921,0,0,0,0,0,1e-11,1
1733338802,410214835,0,0,0,0,0,1e-11,1
1733338802,430014166,0,0,0,0,0,1e-11,1
1733338802,450369438,0,0,0,0,0,1e-11,1
1733338802,469944031,0,0,0,0,0,1e-11,1
1733338802,490097797,0,0,0,0,0,1e-11,1
1733338802,510361964,0,0,0,0,0,1e-11,1
1733338802,529937293,0,0,0,0,0,1e-11,1
1733338802,549949106,0,0,0,0,0,1e-11,1
1733338802,570035544,0,0,0,0,0,1e-11,1
1733338802,590011004,0,0,0,0,0,1e-11,1
1733338802,610008705,0,0,0,0,0,1e-11,1
1733338802,630585610,0,0,0,0,0,1e-11,1
1733338802,649973994,0,0,0,0,0,1e-11,1
1733338802,670342898,0,0,0,0,0,1e-11,1
1733338802,690152053,0,0,0,0,0,1e-11,1
1733338802,709950360,0,0,0,0,0,1e-11,1
1733338802,729953981,0,0,0,0,0,1e-11,1
1733338802,749952193,0,0,0,0,0,1e-11,1
1733338802,769952102,0,0,0,0,0,1e-11,1
1733338802,790031851,0,0,0,0,0,1e-11,1
1733338802,810362579,0,0,0,0,0,1e-11,1
1733338802,830493081,0,0,0,0,0,1e-11,1
1733338802,850810496,0,0,0,0,0,1e-11,1
1733338802,870002910,0,0,0,0,0,1e-11,1
1733338802,889949698,0,0,0,0,0,1e-11,1
1733338802,910053096,0,0,0,0,0,1e-11,1
1733338802,930209006,0,0,0,0,0,1e-11,1
1733338802,950712887,0,0,0,0,0,1e-11,1
1733338802,971238144,0,0,0,0,0,1e-11,1
1733338802,989981434,0,0,0,0,0,1e-11,1
1733338803,9939198,0,0,0,0,0,1e-11,1
1733338803,30309446,0,0,0,0,0,1e-11,1
1733338803,49967752,0,0,0,0,0,1e-11,1
1733338803,69947724,0,0,0,0,0,1e-11,1
1733338803,90056402,0,0,0,0,0,1e-11,1
1733338803,110529147,0,0,0,0,0,1e-11,1
1733338803,130103612,0,0,0,0,0,1e-11,1
1733338803,150960808,0,0,0,0,0,1e-11,1
1733338803,170061861,0,0,0,0,0,1e-11,1
1733338803,191624758,0,0,0,0,0,1e-11,1
1733338803,209996590,0,0,0,0,0,1e-11,1
1733338803,230060403,0,0,0,0,0,1e-11,1
1733338803,249939351,0,0,0,0,0,1e-11,1
1733338803,269886523,0,0,0,0,0,1e-11,1
1733338803,290053825,0,0,0,0,0,1e-11,1
1733338803,310271271,0,0,0,0,0,1e-11,1
1733338803,330680464,0,0,0,0,0,1e-11,1
1733338803,359534365,0,0,0,0,0,1e-11,1
1733338803,369935123,0,0,0,0,0,1e-11,1
1733338803,390231322,0,0,0,0,0,1e-11,1
1733338803,409985981,0,0,0,0,0,1e-11,1
1733338803,430210275,0,0,0,0,0,1e-11,1
1733338803,450195208,0,0,0,0,0,1e-11,1
1733338803,470206732,0,0,0,0,0,1e-11,1
1733338803,490022352,0,0,0,0,0,1e-11,1
1733338803,510049909,0,0,0,0,0,1e-11,1
1733338803,530033337,0,0,0,0,0,1e-11,1
1733338803,551134919,0,0,0,0,0,1e-11,1
1733338803,570055843,0,0,0,0,0,1e-11,1
1733338803,590157800,0,0,0,0,0,1e-11,1
1733338803,610187437,0,0,0,0,0,1e-11,1
1733338803,631930752,0,0,0,0,0,1e-11,1
1733338803,651048062,0,0,0,0,0,1e-11,1
1733338803,672837777,0,0,0,0,0,1e-11,1
1733338803,690223552,0,0,0,0,0,1e-11,1
1733338803,710180549,0,0,0,0,0,1e-11,1
1733338803,729970983,0,0,0,0,0,1e-11,1
1733338803,750048685,0,0,0,0,0,1e-11,1
1733338803,770089106,0,0,0,0,0,1e-11,1
1733338803,790050166,0,0,0,0,0,1e-11,1
1733338803,810059995,0,0,0,0,0,1e-11,1
1733338803,830102112,0,0,0,0,0,1e-11,1
1733338803,850054340,0,0,0,0,0,1e-11,1
1733338803,870147242,0,0,0,0,0,1e-11,1
1733338803,893270696,0,0,0,0,0,1e-11,1
1733338803,910025874,0,0,0,0,0,1e-11,1
1733338803,932683341,0,0,0,0,0,1e-11,1
1733338803,949972571,0,0,0,0,0,1e-11,1
1733338803,971904912,0,0,0,0,0,1e-11,1
1733338803,989990309,0,0,0,0,0,1e-11,1
1733338804,9942089,0,0,0,0,0,1e-11,1
1733338804,29967566,0,0,0,0,0,1e-11,1
1733338804,49999251,0,0,0,0,0,1e-11,1
1733338804,69942487,0,0,0,0,0,1e-11,1
1733338804,89964476,0,0,0,0,0,1e-11,1
1733338804,109967233,0,0,0,0,0,1e-11,1
1733338804,130389353,0,0,0,0,0,1e-11,1
1733338804,149993386,0,0,0,0,0,1e-11,1
1733338804,173233865,0,0,0,0,0,1e-11,1
1733338804,190000692,0,0,0,0,0,1e-11,1
1733338804,211766087,0,0,0,0,0,1e-11,1
1733338804,230002525,0,0,0,0,0,1e-11,1
1733338804,250201923,0,0,0,0,0,1e-11,1
1733338804,269951142,0,0,0,0,0,1e-11,1
1733338804,293473991,0,0,0,0,0,1e-11,1
1733338804,309957775,0,0,0,0,0,1e-11,1
1733338804,330353335,0,0,0,0,0,1e-11,1
1733338804,349999929,0,0,0,0,0,1e-11,1
1733338804,371729612,0,0,0,0,0,1e-11,1
1733338804,389967682,0,0,0,0,0,1e-11,1
1733338804,410295113,0,0,0,0,0,1e-11,1
1733338804,430055180,0,0,0,0,0,1e-11,1
1733338804,450832695,0,0,0,0,0,1e-11,1
1733338804,470086486,0,0,0,0,0,1e-11,1
1733338804,490088058,0,0,0,0,0,1e-11,1
1733338804,510900838,0,0,0,0,0,1e-11,1
1733338804,530979307,0,0,0,0,0,1e-11,1
1733338804,549997544,0,0,0,0,0,1e-11,1
1733338804,570070605,0,0,0,0,0,1e-11,1
1733338804,591783520,0,0,0,0,0,1e-11,1
1733338804,610978206,0,0,0,0,0,1e-11,1
1733338804,639717802,0,0,0,0,0,1e-11,1
1733338804,649920254,0,0,0,0,0,1e-11,1
1733338804,675109038,0,0,0,0,0,1e-11,1
1733338804,690031049,0,0,0,0,0,1e-11,1
1733338804,710058286,0,0,0,0,0,1e-11,1
1733338804,733761649,0,0,0,0,0,1e-11,1
1733338804,750024183,0,0,0,0,0,1e-11,1
1733338804,769969947,0,0,0,0,0,1e-11,1
1733338804,790047744,0,0,0,0,0,1e-11,1
1733338804,810029957,0,0,0,0,0,1e-11,1
1733338804,830074218,0,0,0,0,0,1e-11,1
1733338804,850435889,0,0,0,0,0,1e-11,1
1733338804,870028499,0,0,0,0,0,1e-11,1
1733338804,890045016,0,0,0,0,0,1e-11,1
1733338804,910065692,0,0,0,0,0,1e-11,1
1733338804,930040001,0,0,0,0,0,1e-11,1
1733338804,950040710,0,0,0,0,0,1e-11,1
1733338804,969953161,0,0,0,0,0,1e-11,1
1733338804,990069487,0,0,0,0,0,1e-11,1
1733338805,9995987,0,0,0,0,0,1e-11,1
1733338805,30877279,0,0,0,0,0,1e-11,1
1733338805,50009053,0,0,0,0,0,1e-11,1
1733338805,69965281,0,0,0,0,0,1e-11,1
1733338805,90013990,0,0,0,0,0,1e-11,1
1733338805,110714864,0,0,0,0,0,1e-11,1
1733338805,129984559,0,0,0,0,0,1e-11,1
1733338805,149976468,0,0,0,0,0,1e-11,1
1733338805,169988472,0,0,0,0,0,1e-11,1
1733338805,190232351,0,0,0,0,0,1e-11,1
1733338805,210027458,0,0,0,0,0,1e-11,1
1733338805,229966662,0,0,0,0,0,1e-11,1
1733338805,250048620,0,0,0,0,0,1e-11,1
1733338805,273066505,0,0,0,0,0,1e-11,1
1733338805,289920596,0,0,0,0,0,1e-11,1
1733338805,310819168,0,0,0,0,0,1e-11,1
1733338805,330742916,0,0,0,0,0,1e-11,1
1733338805,353670081,0,0,0,0,0,1e-11,1
1733338805,370083400,0,0,0,0,0,1e-11,1
1733338805,390021708,0,0,0,0,0,1e-11,1
1733338805,410225618,0,0,0,0,0,1e-11,1
1733338805,430040533,0,0,0,0,0,1e-11,1
1733338805,449955417,0,0,0,0,0,1e-11,1
1733338805,470298081,0,0,0,0,0,1e-11,1
1733338805,490031811,0,0,0,0,0,1e-11,1
1733338805,510155369,0,0,0,0,0,1e-11,1
1733338805,532222815,0,0,0,0,0,1e-11,1
1733338805,551473181,0,0,0,0,0,1e-11,1
1733338805,570035990,0,0,0,0,0,1e-11,1
1733338805,590043547,0,0,0,0,0,1e-11,1
1733338805,610778405,0,0,0,0,0,1e-11,1
1733338805,631729746,0,0,0,0,0,1e-11,1
1733338805,649984584,0,0,0,0,0,1e-11,1
1733338805,670877972,0,0,0,0,0,1e-11,1
1733338805,689958161,0,0,0,0,0,1e-11,1
1733338805,714459003,0,0,0,0,0,1e-11,1
1733338805,735415432,0,0,0,0,0,1e-11,1
1733338805,750070176,0,0,0,0,0,1e-11,1
1733338805,773129662,0,0,0,0,0,1e-11,1
1733338805,790414028,0,0,0,0,0,1e-11,1
1733338805,810099087,0,0,0,0,0,1e-11,1
1733338805,831224060,0,0,0,0,0,1e-11,1
1733338805,850495067,0,0,0,0,0,1e-11,1
1733338805,870763682,0,0,0,0,0,1e-11,1
1733338805,892072113,0,0,0,0,0,1e-11,1
1733338805,910138214,0,0,0,0,0,1e-11,1
1733338805,933850921,0,0,0,0,0,1e-11,1
1733338805,950004046,0,0,0,0,0,1e-11,1
1733338805,969930258,0,0,0,0,0,1e-11,1
1733338805,989991224,0,0,0,0,0,1e-11,1
1733338806,9984508,0,0,0,0,0,1e-11,1
1733338806,30043873,0,0,0,0,0,1e-11,1
1733338806,49943813,0,0,0,0,0,1e-11,1
1733338806,70003434,0,0,0,0,0,1e-11,1
1733338806,90118256,0,0,0,0,0,1e-11,1
1733338806,110034676,0,0,0,0,0,1e-11,1
1733338806,130404668,0,0,0,0,0,1e-11,1
1733338806,149923420,0,0,0,0,0,1e-11,1
1733338806,169949857,0,0,0,0,0,1e-11,1
1733338806,190387113,0,0,0,0,0,1e-11,1
1733338806,210053547,0,0,0,0,0,1e-11,1
1733338806,230018416,0,0,0,0,0,1e-11,1
1733338806,250063637,0,0,0,0,0,1e-11,1
1733338806,270141306,0,0,0,0,0,1e-11,1
1733338806,291102982,0,0,0,0,0,1e-11,1
1733338806,310099811,0,0,0,0,0,1e-11,1
1733338806,330006023,0,0,0,0,0,1e-11,1
1733338806,350028524,0,0,0,0,0,1e-11,1
1733338806,370724470,0,0,0,0,0,1e-11,1
1733338806,390041525,0,0,0,0,0,1e-11,1
1733338806,410070426,0,0,0,0,0,1e-11,1
1733338806,430160543,0,0,0,0,0,1e-11,1
1733338806,450722888,0,0,0,0,0,1e-11,1
1733338806,470419435,0,0,0,0,0,1e-11,1
1733338806,491041908,0,0,0,0,0,1e-11,1
1733338806,510772311,0,0,0,0,0,1e-11,1
1733338806,529953781,0,0,0,0,0,1e-11,1
1733338806,550105595,0,0,0,0,0,1e-11,1
1733338806,570050879,0,0,0,0,0,1e-11,1
1733338806,592543864,0,0,0,0,0,1e-11,1
1733338806,610594221,0,0,0,0,0,1e-11,1
1733338806,630151310,0,0,0,0,0,1e-11,1
1733338806,650410964,0,0,0,0,0,1e-11,1
1733338806,670628411,0,0,0,0,0,1e-11,1
1733338806,690060443,0,0,0,0,0,1e-11,1
1733338806,710058303,0,0,0,0,0,1e-11,1
1733338806,730049220,0,0,0,0,0,1e-11,1
1733338806,750247914,0,0,0,0,0,1e-11,1
1733338806,769995245,0,0,0,0,0,1e-11,1
1733338806,789960465,0,0,0,0,0,1e-11,1
1733338806,809995702,0,0,0,0,0,1e-11,1
1733338806,831138628,0,0,0,0,0,1e-11,1
1733338806,850036736,0,0,0,0,0,1e-11,1
1733338806,870062533,0,0,0,0,0,1e-11,1
1733338806,890029065,0,0,0,0,0,1e-11,1
1733338806,910106862,0,0,0,0,0,1e-11,1
1733338806,930028242,0,0,0,0,0,1e-11,1
1733338806,950100376,0,0,0,0,0,1e-11,1
1733338806,970046652,0,0,0,0,0,1e-11,1
1733338806,989984960,0,0,0,0,0,1e-11,1
1733338807,10003973,0,0,0,0,0,1e-11,1
1733338807,30177003,0,0,0,0,0,1e-11,1
1733338807,49993870,0,0,0,0,0,1e-11,1
1733338807,70034515,0,0,0,0,0,1e-11,1
1733338807,89970455,0,0,0,0,0,1e-11,1
1733338807,110149437,0,0,0,0,0,1e-11,1
1733338807,130066689,0,0,0,0,0,1e-11,1
1733338807,151069646,0,0,0,0,0,1e-11,1
1733338807,170797392,0,0,0,0,0,1e-11,1
1733338807,190058255,0,0,0,0,0,1e-11,1
1733338807,210038323,0,0,0,0,0,1e-11,1
1733338807,230746142,0,0,0,0,0,1e-11,1
1733338807,249973724,0,0,0,0,0,1e-11,1
1733338807,270044641,0,0,0,0,0,1e-11,1
1733338807,290885965,0,0,0,0,0,1e-11,1
1733338807,310059179,0,0,0,0,0,1e-11,1
1733338807,329992687,0,0,0,0,0,1e-11,1
1733338807,349976659,0,0,0,0,0,1e-11,1
1733338807,370605213,0,0,0,0,0,1e-11,1
1733338807,390457088,0,0,0,0,0,1e-11,1
1733338807,410117282,0,0,0,0,0,1e-11,1
1733338807,430073767,0,0,0,0,0,1e-11,1
1733338807,458075821,0,0,0,0,0,1e-11,1
1733338807,472846919,0,0,0,0,0,1e-11,1
1733338807,490200245,0,0,0,0,0,1e-11,1
1733338807,510051385,0,0,0,0,0,1e-11,1
1733338807,531689931,0,0,0,0,0,1e-11,1
1733338807,550032834,0,0,0,0,0,1e-11,1
1733338807,570025063,0,0,0,0,0,1e-11,1
1733338807,590176332,0,0,0,0,0,1e-11,1
1733338807,610910647,0,0,0,0,0,1e-11,1
1733338807,630277559,0,0,0,0,0,1e-11,1
1733338807,651216867,0,0,0,0,0,1e-11,1
1733338807,670054750,0,0,0,0,0,1e-11,1
1733338807,690127139,0,0,0,0,0,1e-11,1
1733338807,710044135,0,0,0,0,0,1e-11,1
1733338807,730162061,0,0,0,0,0,1e-11,1
1733338807,750056848,0,0,0,0,0,1e-11,1
1733338807,770069205,0,0,0,0,0,1e-11,1
1733338807,790941793,0,0,0,0,0,1e-11,1
1733338807,809986142,0,0,0,0,0,1e-11,1
1733338807,829985538,0,0,0,0,0,1e-11,1
1733338807,850042632,0,0,0,0,0,1e-11,1
1733338807,870722994,0,0,0,0,0,1e-11,1
1733338807,890159826,0,0,0,0,0,1e-11,1
1733338807,910153302,0,0,0,0,0,1e-11,1
1733338807,931145667,0,0,0,0,0,1e-11,1
1733338807,952065135,0,0,0,0,0,1e-11,1
1733338807,970049123,0,0,0,0,0,1e-11,1
1733338807,990829326,0,0,0,0,0,1e-11,1
1733338808,9977196,0,0,0,0,0,1e-11,1
1733338808,30747255,0,0,0,0,0,1e-11,1
1733338808,50260920,0,0,0,0,0,1e-11,1
1733338808,70282620,0,0,0,0,0,1e-11,1
1733338808,93755486,0,0,0,0,0,1e-11,1
1733338808,112080244,0,0,0,0,0,1e-11,1
1733338808,130052168,0,0,0,0,0,1e-11,1
1733338808,150861844,0,0,0,0,0,1e-11,1
1733338808,169988849,0,0,0,0,0,1e-11,1
1733338808,190954686,0,0,0,0,0,1e-11,1
1733338808,210028859,0,0,0,0,0,1e-11,1
1733338808,230231713,0,0,0,0,0,1e-11,1
1733338808,251430575,0,0,0,0,0,1e-11,1
1733338808,270077225,0,0,0,0,0,1e-11,1
1733338808,290400560,0,0,0,0,0,1e-11,1
1733338808,310802776,0,0,0,0,0,1e-11,1
1733338808,330028374,0,0,0,0,0,1e-11,1
1733338808,356000972,0,0,0,0,0,1e-11,1
1733338808,369995807,0,0,0,0,0,1e-11,1
1733338808,391575633,0,0,0,0,0,1e-11,1
1733338808,410012201,0,0,0,0,0,1e-11,1
1733338808,431470265,0,0,0,0,0,1e-11,1
1733338808,450181491,0,0,0,0,0,1e-11,1
1733338808,470080183,0,0,0,0,0,1e-11,1
1733338808,489988539,0,0,0,0,0,1e-11,1
1733338808,510821286,0,0,0,0,0,1e-11,1
1733338808,529983524,0,0,0,0,0,1e-11,1
1733338808,551111986,0,0,0,0,0,1e-11,1
1733338808,570034542,0,0,0,0,0,1e-11,1
1733338808,590125939,0,0,0,0,0,1e-11,1
1733338808,611681445,0,0,0,0,0,1e-11,1
1733338808,630737761,0,0,0,0,0,1e-11,1
1733338808,650459748,0,0,0,0,0,1e-11,1
1733338808,670442088,0,0,0,0,0,1e-11,1
1733338808,693970634,0,0,0,0,0,1e-11,1
1733338808,710041038,0,0,0,0,0,1e-11,1
1733338808,730064691,0,0,0,0,0,1e-11,1
1733338808,750006071,0,0,0,0,0,1e-11,1
1733338808,770301886,0,0,0,0,0,1e-11,1
1733338808,796755544,0,0,0,0,0,1e-11,1
1733338808,810017061,0,0,0,0,0,1e-11,1
1733338808,830185675,0,0,0,0,0,1e-11,1
1733338808,850045359,0,0,0,0,0,1e-11,1
1733338808,870201236,0,0,0,0,0,1e-11,1
1733338808,890637309,0,0,0,0,0,1e-11,1
1733338808,910687778,0,0,0,0,0,1e-11,1
1733338808,931121194,0,0,0,0,0,1e-11,1
1733338808,952011606,0,0,0,0,0,1e-11,1
1733338808,970875313,0,0,0,0,0,1e-11,1
1733338808,989938030,0,0,0,0,0,1e-11,1
1733338809,10013811,0,0,0,0,0,1e-11,1
1733338809,32565837,0,0,0,0,0,1e-11,1
1733338809,50016764,0,0,0,0,0,1e-11,1
1733338809,70012865,0,0,0,0,0,1e-11,1
1733338809,89938853,0,0,0,0,0,1e-11,1
1733338809,109976906,0,0,0,0,0,1e-11,1
1733338809,130765397,0,0,0,0,0,1e-11,1
1733338809,150883483,0,0,0,0,0,1e-11,1
1733338809,170269594,0,0,0,0,0,1e-11,1
1733338809,190065309,0,0,0,0,0,1e-11,1
1733338809,210008129,0,0,0,0,0,1e-11,1
1733338809,230028038,0,0,0,0,0,1e-11,1
1733338809,249946058,0,0,0,0,0,1e-11,1
1733338809,270072592,0,0,0,0,0,1e-11,1
1733338809,290052692,0,0,0,0,0,1e-11,1
1733338809,310134073,0,0,0,0,0,1e-11,1
1733338809,332405265,0,0,0,0,0,1e-11,1
1733338809,350108098,0,0,0,0,0,1e-11,1
1733338809,370127623,0,0,0,0,0,1e-11,1
1733338809,389988746,0,0,0,0,0,1e-11,1
1733338809,410028431,0,0,0,0,0,1e-11,1
1733338809,431219390,0,0,0,0,0,1e-11,1
1733338809,450722462,0,0,0,0,0,1e-11,1
1733338809,470002909,0,0,0,0,0,1e-11,1
1733338809,490010050,0,0,0,0,0,1e-11,1
1733338809,509989670,0,0,0,0,0,1e-11,1
1733338809,530024683,0,0,0,0,0,1e-11,1
1733338809,554313235,0,0,0,0,0,1e-11,1
1733338809,570034644,0,0,0,0,0,1e-11,1
1733338809,597178420,0,0,0,0,0,1e-11,1
1733338809,610140798,0,0,0,0,0,1e-11,1
1733338809,629980386,0,0,0,0,0,1e-11,1
1733338809,650040167,0,0,0,0,0,1e-11,1
1733338809,669979243,0,0,0,0,0,1e-11,1
1733338809,689937391,0,0,0,0,0,1e-11,1
1733338809,710038356,0,0,0,0,0,1e-11,1
1733338809,729975577,0,0,0,0,0,1e-11,1
1733338809,750253375,0,0,0,0,0,1e-11,1
1733338809,770018498,0,0,0,0,0,1e-11,1
1733338809,789939558,0,0,0,0,0,1e-11,1
1733338809,818600114,0,0,0,0,0,1e-11,1
1733338809,830597973,0,0,0,0,0,1e-11,1
1733338809,853070798,0,0,0,0,0,1e-11,1
1733338809,875735976,0,0,0,0,0,1e-11,1
1733338809,893628475,0,0,0,0,0,1e-11,1
1733338809,910157635,0,0,0,0,0,1e-11,1
1733338809,932430363,0,0,0,0,0,1e-11,1
1733338809,949979307,0,0,0,0,0,1e-11,1
1733338809,970031824,0,0,0,0,0,1e-11,1
1733338809,990040053,0,0,0,0,0,1e-11,1
1733338810,10135866,0,0,0,0,0,1e-11,1
1733338810,30622275,0,0,0,0,0,1e-11,1
1733338810,50060131,0,0,0,0,0,1e-11,1
1733338810,70194217,0,0,0,0,0,1e-11,1
1733338810,90166605,0,0,0,0,0,1e-11,1
1733338810,110373747,0,0,0,0,0,1e-11,1
1733338810,129993077,0,0,0,0,0,1e-11,1
1733338810,150661439,0,0,0,0,0,1e-11,1
1733338810,170081407,0,0,0,0,0,1e-11,1
1733338810,189961890,0,0,0,0,0,1e-11,1
1733338810,209980423,0,0,0,0,0,1e-11,1
1733338810,230080684,0,0,0,0,0,1e-11,1
1733338810,250010576,0,0,0,0,0,1e-11,1
1733338810,270306167,0,0,0,0,0,1e-11,1
1733338810,290014266,0,0,0,0,0,1e-11,1
1733338810,310266752,0,0,0,0,0,1e-11,1
1733338810,329990755,0,0,0,0,0,1e-11,1
1733338810,350108968,0,0,0,0,0,1e-11,1
1733338810,371215702,0,0,0,0,0,1e-11,1
1733338810,390574965,0,0,0,0,0,1e-11,1
1733338810,410464825,0,0,0,0,0,1e-11,1
1733338810,433657560,0,0,0,0,0,1e-11,1
1733338810,450556547,0,0,0,0,0,1e-11,1
1733338810,469979587,0,0,0,0,0,1e-11,1
1733338810,490498187,0,0,0,0,0,1e-11,1
1733338810,512596673,0,0,0,0,0,1e-11,1
1733338810,530036625,0,0,0,0,0,1e-11,1
1733338810,550023349,0,0,0,0,0,1e-11,1
1733338810,570003994,0,0,0,0,0,1e-11,1
1733338810,589941566,0,0,0,0,0,1e-11,1
1733338810,611033931,0,0,0,0,0,1e-11,1
1733338810,630069032,0,0,0,0,0,1e-11,1
1733338810,650031116,0,0,0,0,0,1e-11,1
1733338810,670355092,0,0,0,0,0,1e-11,1
1733338810,692088198,0,0,0,0,0,1e-11,1
1733338810,710412317,0,0,0,0,0,1e-11,1
1733338810,730073823,0,0,0,0,0,1e-11,1
1733338810,749956003,0,0,0,0,0,1e-11,1
1733338810,770291594,0,0,0,0,0,1e-11,1
1733338810,790045580,0,0,0,0,0,1e-11,1
1733338810,809954672,0,0,0,0,0,1e-11,1
1733338810,830827580,0,0,0,0,0,1e-11,1
1733338810,849937465,0,0,0,0,0,1e-11,1
1733338810,870051775,0,0,0,0,0,1e-11,1
1733338810,890061156,0,0,0,0,0,1e-11,1
1733338810,909981575,0,0,0,0,0,1e-11,1
1733338810,930058221,0,0,0,0,0,1e-11,1
1733338810,949999441,0,0,0,0,0,1e-11,1
1733338810,970024950,0,0,0,0,0,1e-11,1
1733338810,989951098,0,0,0,0,0,1e-11,1
1733338811,9984350,0,0,0,0,0,1e-11,1
1733338811,30066788,0,0,0,0,0,1e-11,1
1733338811,64013915,0,0,0,0,0,1e-11,1
1733338811,70714770,0,0,0,0,0,1e-11,1
1733338811,90275667,0,0,0,0,0,1e-11,1
1733338811,110010390,0,0,0,0,0,1e-11,1
1733338811,130089083,0,0,0,0,0,1e-11,1
1733338811,150036031,0,0,0,0,0,1e-11,1
1733338811,170740457,0,0,0,0,0,1e-11,1
1733338811,191074417,0,0,0,0,0,1e-11,1
1733338811,212197854,0,0,0,0,0,1e-11,1
1733338811,229952912,0,0,0,0,0,1e-11,1
1733338811,250610682,0,0,0,0,0,1e-11,1
1733338811,270018394,0,0,0,0,0,1e-11,1
1733338811,289986910,0,0,0,0,0,1e-11,1
1733338811,310006083,0,0,0,0,0,1e-11,1
1733338811,329980968,0,0,0,0,0,1e-11,1
1733338811,349998092,0,0,0,0,0,1e-11,1
1733338811,369965201,0,0,0,0,0,1e-11,1
1733338811,391173119,0,0,0,0,0,1e-11,1
1733338811,410009786,0,0,0,0,0,1e-11,1
1733338811,429964222,0,0,0,0,0,1e-11,1
1733338811,450277381,0,0,0,0,0,1e-11,1
1733338811,469979912,0,0,0,0,0,1e-11,1
1733338811,490070989,0,0,0,0,0,1e-11,1
1733338811,510120914,0,0,0,0,0,1e-11,1
1733338811,529996309,0,0,0,0,0,1e-11,1
1733338811,550852257,0,0,0,0,0,1e-11,1
1733338811,570070783,0,0,0,0,0,1e-11,1
1733338811,591862450,0,0,0,0,0,1e-11,1
1733338811,609955527,0,0,0,0,0,1e-11,1
1733338811,631162390,0,0,0,0,0,1e-11,1
1733338811,650517333,0,0,0,0,0,1e-11,1
1733338811,670009686,0,0,0,0,0,1e-11,1
1733338811,690012186,0,0,0,0,0,1e-11,1
1733338811,710016607,0,0,0,0,0,1e-11,1
1733338811,729978851,0,0,0,0,0,1e-11,1
1733338811,750033992,0,0,0,0,0,1e-11,1
1733338811,770088461,0.00361702,-2.36794e-06,0,0,0,-0.00130933,1
1733338811,796244260,0.00723403,-9.47174e-06,0,0,0,-0.00261866,1
1733338811,810136759,0.010851,-2.13114e-05,0,0,0,-0.00392799,1
1733338811,829972954,0.014468,-3.78869e-05,0,0,0,-0.00523732,1
1733338811,850294785,0.018085,-5.91982e-05,0,0,0,-0.00654665,1
1733338811,870048292,0.0221274,-9.36025e-05,0,0,0,-0.0104746,1
1733338811,890918959,0.0261696,-0.000143885,0,0,0,-0.0144026,1
1733338811,910210126,0.0302116,-0.000210045,0,0,0,-0.0183306,1
1733338811,937035211,0.0342534,-0.000292082,0,0,0,-0.0222586,1
1733338811,949939189,0.0382947,-0.000389993,0,0,0,-0.0261866,1
1733338811,969984986,0.0425484,-0.000506983,0,0,0,-0.0288053,1
1733338811,990038047,0.0468018,-0.000635111,0,0,0,-0.031424,1
1733338812,10043780,0.0510549,-0.000774376,0,0,0,-0.0340426,1
1733338812,30081832,0.0553075,-0.000924779,0,0,0,-0.0366613,1
1733338812,50158542,0.0595598,-0.00108632,0,0,0,-0.0392799,1
1733338812,70051697,0.064237,-0.00127013,0,0,0,-0.0392799,1
1733338812,90058998,0.0689143,-0.00145395,0,0,0,-0.0392799,1
1733338812,109954490,0.0735915,-0.00163777,0,0,0,-0.0392799,1
1733338812,130082175,0.0782687,-0.00182158,0,0,0,-0.0392799,1
1733338812,150070436,0.082946,-0.0020054,0,0,0,-0.0392799,1
1733338812,169987688,0.0878357,-0.00220077,0,0,0,-0.0405893,1
1733338812,190037773,0.0927252,-0.00240255,0,0,0,-0.0418986,1
1733338812,210066321,0.0976143,-0.00261072,0,0,0,-0.0432079,1
1733338812,230022678,0.102503,-0.0028253,0,0,0,-0.0445173,1
1733338812,251188516,0.107392,-0.00304628,0,0,0,-0.0458266,1
1733338812,270019647,0.113131,-0.00330569,0,0,0,-0.0445173,1
1733338812,289990115,0.11887,-0.00355758,0,0,0,-0.0432079,1
1733338812,310158153,0.124609,-0.00380197,0,0,0,-0.0418986,1
1733338812,329983372,0.130349,-0.00403883,0,0,0,-0.0405893,1
1733338812,350009393,0.136089,-0.00426818,0,0,0,-0.0392799,1
1733338812,370202487,0.142042,-0.00449434,0,0,0,-0.0366613,1
1733338812,390146235,0.147996,-0.0047049,0,0,0,-0.0340426,1
1733338812,410031711,0.15395,-0.00489987,0,0,0,-0.031424,1
1733338812,430293157,0.159905,-0.00507925,0,0,0,-0.0288053,1
1733338812,449956967,0.16586,-0.00524304,0,0,0,-0.0261866,1
1733338812,470260878,0.171816,-0.00539902,0,0,0,-0.0261866,1
1733338812,490040209,0.177771,-0.00555501,0,0,0,-0.0261866,1
1733338812,510015349,0.183727,-0.005711,0,0,0,-0.0261866,1
1733338812,529966265,0.189682,-0.00586699,0,0,0,-0.0261866,1
1733338812,550001822,0.195637,-0.00602297,0,0,0,-0.0261866,1
1733338812,570044547,0.202231,-0.00619136,0,0,0,-0.0248773,1
1733338812,589977031,0.208825,-0.00635111,0,0,0,-0.023568,1
1733338812,611024276,0.215419,-0.00650223,0,0,0,-0.0222586,1
1733338812,631929056,0.222013,-0.00664471,0,0,0,-0.0209493,1
1733338812,650102230,0.228607,-0.00677856,0,0,0,-0.01964,1
1733338812,670255036,0.234989,-0.00690391,0,0,0,-0.01964,1
1733338812,690019998,0.241371,-0.00702927,0,0,0,-0.01964,1
1733338812,710021923,0.247753,-0.00715462,0,0,0,-0.01964,1
1733338812,731642389,0.254134,-0.00727997,0,0,0,-0.01964,1
1733338812,750022988,0.260516,-0.00740533,0,0,0,-0.01964,1
1733338812,770069489,0.26711,-0.00753918,0,0,0,-0.0209493,1
1733338812,790785147,0.273705,-0.00768166,0,0,0,-0.0222586,1
1733338812,810003610,0.280299,-0.00783278,0,0,0,-0.023568,1
1733338812,830104671,0.286892,-0.00799253,0,0,0,-0.0248773,1
1733338812,850051651,0.293486,-0.00816091,0,0,0,-0.0261866,1
1733338812,869974343,0.300505,-0.00835854,0,0,0,-0.0301146,1
1733338812,889948043,0.308161,-0.00858917,0,0,0,-0.0301146,1
1733338812,910001136,0.315817,-0.0088198,0,0,0,-0.0301146,1
1733338812,930029813,0.323473,-0.00905043,0,0,0,-0.0301146,1
1733338812,952262220,0.331129,-0.00928106,0,0,0,-0.0301146,1
1733338812,969956638,0.337722,-0.00948397,0,0,0,-0.031424,1
1733338812,990033507,0.344314,-0.00969552,0,0,0,-0.0327333,1
1733338813,10104072,0.350906,-0.0099157,0,0,0,-0.0340426,1
1733338813,35500665,0.357498,-0.0101445,0,0,0,-0.0353519,1
1733338813,50093905,0.364089,-0.0103819,0,0,0,-0.0366613,1
1733338813,72648875,0.37068,-0.010628,0,0,0,-0.0379706,1
1733338813,90179387,0.377484,-0.0108865,0,0,0,-0.0379706,1
1733338813,110551906,0.384288,-0.0111449,0,0,0,-0.0379706,1
1733338813,130112131,0.391091,-0.0114034,0,0,0,-0.0379706,1
1733338813,149988711,0.397895,-0.0116619,0,0,0,-0.0379706,1
1733338813,169974379,0.405123,-0.0119459,0,0,0,-0.0405893,1
1733338813,189973328,0.412351,-0.0122489,0,0,0,-0.0432079,1
1733338813,210310103,0.419578,-0.0125709,0,0,0,-0.0458266,1
1733338813,230022873,0.426804,-0.0129117,0,0,0,-0.0484452,1
1733338813,253006774,0.434029,-0.0132715,0,0,0,-0.0510639,1
1733338813,270133667,0.440616,-0.0136125,0,0,0,-0.0523732,1
1733338813,290560203,0.447202,-0.0139621,0,0,0,-0.0536826,1
1733338813,309954923,0.453788,-0.0143203,0,0,0,-0.0549919,1
1733338813,330033648,0.460374,-0.0146871,0,0,0,-0.0563012,1
1733338813,350032885,0.466959,-0.0150626,0,0,0,-0.0576106,1
1733338813,370885920,0.473756,-0.0154635,0,0,0,-0.0602292,1
1733338813,389966141,0.480764,-0.0158907,0,0,0,-0.0615385,1
1733338813,409965826,0.487772,-0.0163271,0,0,0,-0.0628479,1
1733338813,430068423,0.494779,-0.0167727,0,0,0,-0.0641572,1
1733338813,449961227,0.501785,-0.0172275,0,0,0,-0.0654665,1
1733338813,470243122,0.508791,-0.0176914,0,0,0,-0.0667759,1
1733338813,492121510,0.515797,-0.0181645,0,0,0,-0.0680852,1
1733338813,511070562,0.522801,-0.0186467,0,0,0,-0.0693945,1
1733338813,532726420,0.529805,-0.0191382,0,0,0,-0.0707039,1
1733338813,549928673,0.536809,-0.0196388,0,0,0,-0.0720132,1
1733338813,576704445,0.543811,-0.0201485,0,0,0,-0.0733225,1
1733338813,590780177,0.550814,-0.0206675,0,0,0,-0.0746318,1
1733338813,610944311,0.557815,-0.0211956,0,0,0,-0.0759412,1
1733338813,629953940,0.564816,-0.0217329,0,0,0,-0.0772505,1
1733338813,649967224,0.571816,-0.0222793,0,0,0,-0.0785598,1
1733338813,670367264,0.578603,-0.0228136,0,0,0,-0.0785598,1
1733338813,689978849,0.585391,-0.0233479,0,0,0,-0.0785598,1
1733338813,710081255,0.592178,-0.0238823,0,0,0,-0.0785598,1
1733338813,730068843,0.598966,-0.0244166,0,0,0,-0.0785598,1
1733338813,750011823,0.605753,-0.0249509,0,0,0,-0.0785598,1
1733338813,770032020,0.612328,-0.0254729,0,0,0,-0.0798692,1
1733338813,790675710,0.618903,-0.0260034,0,0,0,-0.0811785,1
1733338813,809977213,0.625476,-0.0265425,0,0,0,-0.0824878,1
1733338813,830730471,0.632049,-0.0270903,0,0,0,-0.0837971,1
1733338813,850054342,0.638621,-0.0276467,0,0,0,-0.0851065,1
1733338813,873866634,0.645405,-0.0282343,0,0,0,-0.0877251,1
1733338813,890130736,0.652611,-0.0288681,0,0,0,-0.0877251,1
1733338813,911503168,0.659817,-0.0295019,0,0,0,-0.0877251,1
1733338813,929965816,0.667023,-0.0301357,0,0,0,-0.0877251,1
1733338813,952778964,0.674229,-0.0307695,0,0,0,-0.0877251,1
1733338813,970017121,0.681012,-0.031366,0,0,0,-0.0877251,1
1733338813,990158343,0.687794,-0.0319625,0,0,0,-0.0877251,1
1733338814,10468398,0.694576,-0.032559,0,0,0,-0.0877251,1
1733338814,30066255,0.701359,-0.0331555,0,0,0,-0.0877251,1
1733338814,49933075,0.708141,-0.033752,0,0,0,-0.0877251,1
1733338814,70143161,0.714923,-0.0343485,0,0,0,-0.0877251,1
1733338814,90498113,0.721706,-0.034945,0,0,0,-0.0877251,1
1733338814,110124802,0.728488,-0.0355416,0,0,0,-0.0877251,1
1733338814,131479186,0.73527,-0.0361381,0,0,0,-0.0877251,1
1733338814,151540023,0.742053,-0.0367346,0,0,0,-0.0877251,1
1733338814,170032111,0.748836,-0.0373222,0,0,0,-0.0851065,1
1733338814,191615360,0.75562,-0.0378921,0,0,0,-0.0824878,1
1733338814,210806110,0.762407,-0.0384442,0,0,0,-0.0798692,1
1733338814,229935516,0.769194,-0.0389785,0,0,0,-0.0772505,1
1733338814,250019073,0.775983,-0.039495,0,0,0,-0.0746318,1
1733338814,271292656,0.782561,-0.0399825,0,0,0,-0.0733225,1
1733338814,290791696,0.789139,-0.0404614,0,0,0,-0.0720132,1
1733338814,309962126,0.795718,-0.0409317,0,0,0,-0.0707038,1
1733338814,337061677,0.802298,-0.0413933,0,0,0,-0.0693945,1
1733338814,350019671,0.808878,-0.0418464,0,0,0,-0.0680852,1
1733338814,372678226,0.816096,-0.0423291,0,0,0,-0.0654665,1
1733338814,390064641,0.823315,-0.0427929,0,0,0,-0.0628479,1
1733338814,422519308,0.830535,-0.0432378,0,0,0,-0.0602292,1
1733338814,430003721,0.837757,-0.0436637,0,0,0,-0.0576105,1
1733338814,456243201,0.844979,-0.0440708,0,0,0,-0.0549919,1
1733338814,469958066,0.851565,-0.044429,0,0,0,-0.0536826,1
1733338814,490226041,0.858152,-0.0447786,0,0,0,-0.0523732,1
1733338814,510550400,0.864739,-0.0451196,0,0,0,-0.0510639,1
1733338814,529958752,0.871326,-0.0454519,0,0,0,-0.0497546,1
1733338814,550069893,0.877914,-0.0457757,0,0,0,-0.0484452,1
1733338814,570089354,0.88514,-0.0461165,0,0,0,-0.0458266,1
1733338814,590099502,0.892367,-0.0464384,0,0,0,-0.0432079,1
1733338814,609999186,0.899594,-0.0467414,0,0,0,-0.0405893,1
1733338814,630008023,0.906823,-0.0470255,0,0,0,-0.0379706,1
1733338814,650068924,0.914052,-0.0472907,0,0,0,-0.0353519,1
1733338814,670040896,0.920856,-0.0475313,0,0,0,-0.0353519,1
1733338814,689998756,0.92766,-0.047772,0,0,0,-0.0353519,1
1733338814,710079913,0.934465,-0.0480126,0,0,0,-0.0353519,1
1733338814,730078958,0.941269,-0.0482533,0,0,0,-0.0353519,1
1733338814,749936689,0.948073,-0.0484939,0,0,0,-0.0353519,1
1733338814,770053495,0.955302,-0.048759,0,0,0,-0.0379706,1
1733338814,790037211,0.963169,-0.0490527,0,0,0,-0.0366613,1
1733338814,809990527,0.971037,-0.0493361,0,0,0,-0.0353519,1
1733338814,830497320,0.978904,-0.0496092,0,0,0,-0.0340426,1
1733338814,850139562,0.986772,-0.049872,0,0,0,-0.0327333,1
1733338814,871146358,0.994215,-0.0501011,0,0,0,-0.0288053,1
1733338814,892497734,1.00081,-0.0502954,0,0,0,-0.0301146,1
1733338814,909981334,1.0074,-0.0504983,0,0,0,-0.0314239,1
1733338814,932552592,1.01399,-0.0507099,0,0,0,-0.0327333,1
1733338814,950675205,1.02059,-0.05093,0,0,0,-0.0340426,1
1733338814,970232838,1.0276,-0.0511736,0,0,0,-0.0353519,1
1733338814,989995624,1.03462,-0.0514264,0,0,0,-0.0366613,1
1733338815,10628562,1.04164,-0.0516883,0,0,0,-0.0379706,1
1733338815,30003761,1.04865,-0.0519594,0,0,0,-0.0392799,1
1733338815,52237512,1.05567,-0.0522398,0,0,0,-0.0405892,1
1733338815,69962970,1.06247,-0.052516,0,0,0,-0.0405892,1
1733338815,92627796,1.06927,-0.0527923,0,0,0,-0.0405892,1
1733338815,110102244,1.07608,-0.0530686,0,0,0,-0.0405892,1
1733338815,130547084,1.08288,-0.0533449,0,0,0,-0.0405892,1
1733338815,150009772,1.08968,-0.0536211,0,0,0,-0.0405892,1
1733338815,170554645,1.0967,-0.0539015,0,0,0,-0.0392799,1
1733338815,189979029,1.10371,-0.0541726,0,0,0,-0.0379706,1
1733338815,210062042,1.11073,-0.0544345,0,0,0,-0.0366613,1
1733338815,230111487,1.11775,-0.0546873,0,0,0,-0.0353519,1
1733338815,249938722,1.12476,-0.0549309,0,0,0,-0.0340426,1
1733338815,270005895,1.13178,-0.0551744,0,0,0,-0.0353519,1
1733338815,290107757,1.1388,-0.0554272,0,0,0,-0.0366613,1
1733338815,310043697,1.14581,-0.0556891,0,0,0,-0.0379706,1
1733338815,330290167,1.15283,-0.0559603,0,0,0,-0.0392799,1
1733338815,351296644,1.15985,-0.0562406,0,0,0,-0.0405892,1
1733338815,370253504,1.16729,-0.0565476,0,0,0,-0.0418986,1
1733338815,390018371,1.17473,-0.0568644,0,0,0,-0.0432079,1
1733338815,410068136,1.18217,-0.057191,0,0,0,-0.0445172,1
1733338815,430091660,1.1896,-0.0575272,0,0,0,-0.0458266,1
1733338815,450059345,1.19704,-0.0578732,0,0,0,-0.0471359,1
1733338815,470088629,1.20427,-0.0582141,0,0,0,-0.0471359,1
1733338815,490198651,1.2115,-0.058555,0,0,0,-0.0471359,1
1733338815,510243360,1.21872,-0.0588958,0,0,0,-0.0471359,1
1733338815,530159203,1.22595,-0.0592367,0,0,0,-0.0471359,1
1733338815,550818829,1.23317,-0.0595775,0,0,0,-0.0471359,1
1733338815,570075180,1.23997,-0.0598983,0,0,0,-0.0471359,1
1733338815,590065200,1.24678,-0.0602191,0,0,0,-0.0471359,1
1733338815,610036660,1.25358,-0.0605399,0,0,0,-0.0471359,1
1733338815,629949496,1.26038,-0.0608607,0,0,0,-0.0471359,1
1733338815,651362248,1.26718,-0.0611816,0,0,0,-0.0471359,1
1733338815,669949153,1.2744,-0.0615224,0,0,0,-0.0471359,1
1733338815,694578444,1.28163,-0.0618633,0,0,0,-0.0471359,1
1733338815,710727377,1.28886,-0.0622041,0,0,0,-0.0471359,1
1733338815,730048144,1.29608,-0.062545,0,0,0,-0.0471359,1
1733338815,749964083,1.30331,-0.0628858,0,0,0,-0.0471359,1
1733338815,770507996,1.31053,-0.0632362,0,0,0,-0.0497545,1
1733338815,792237583,1.31776,-0.0636054,0,0,0,-0.0523732,1
1733338815,810017441,1.32498,-0.0639935,0,0,0,-0.0549919,1
1733338815,829934181,1.3322,-0.0644006,0,0,0,-0.0576105,1
1733338815,849960842,1.33943,-0.0648266,0,0,0,-0.0602292,1
1733338815,870081872,1.34686,-0.0652894,0,0,0,-0.0641572,1
1733338815,892586601,1.35471,-0.0657993,0,0,0,-0.0654665,1
1733338815,910081209,1.36257,-0.0663195,0,0,0,-0.0667758,1
1733338815,930495232,1.37042,-0.0668499,0,0,0,-0.0680852,1
1733338815,949951745,1.37828,-0.0673906,0,0,0,-0.0693945,1
1733338815,969990021,1.38486,-0.0678523,0,0,0,-0.0707038,1
1733338815,990537166,1.39144,-0.0683225,0,0,0,-0.0720132,1
1733338816,9987726,1.39801,-0.0688014,0,0,0,-0.0733225,1
1733338816,30010259,1.40459,-0.0692889,0,0,0,-0.0746318,1
1733338816,49952343,1.41117,-0.069785,0,0,0,-0.0759412,1
1733338816,69985052,1.41902,-0.0703874,0,0,0,-0.0772505,1
1733338816,90201602,1.42687,-0.0710001,0,0,0,-0.0785598,1
1733338816,109956069,1.43471,-0.071623,0,0,0,-0.0798691,1
1733338816,132576895,1.44256,-0.0722562,0,0,0,-0.0811785,1
1733338816,150046862,1.45041,-0.0728997,0,0,0,-0.0824878,1
1733338816,169942098,1.45783,-0.0735182,0,0,0,-0.0837971,1
1733338816,198408988,1.46525,-0.0741463,0,0,0,-0.0851065,1
1733338816,209993307,1.47267,-0.0747842,0,0,0,-0.0864158,1
1733338816,229950304,1.48009,-0.0754318,0,0,0,-0.0877251,1
1733338816,250006820,1.4875,-0.0760891,0,0,0,-0.0890344,1
1733338816,269975337,1.49471,-0.0767323,0,0,0,-0.0890344,1
1733338816,289939405,1.50192,-0.0773755,0,0,0,-0.0890344,1
1733338816,313436366,1.50912,-0.0780187,0,0,0,-0.0890344,1
1733338816,330026743,1.51633,-0.078662,0,0,0,-0.0890344,1
1733338816,351455879,1.52353,-0.0793052,0,0,0,-0.0890344,1
1733338816,369997567,1.53116,-0.0799962,0,0,0,-0.0916531,1
1733338816,389951588,1.53879,-0.0807073,0,0,0,-0.0942718,1
1733338816,409990344,1.54641,-0.0814383,0,0,0,-0.0968904,1
1733338816,430011885,1.55403,-0.0821892,0,0,0,-0.0995091,1
1733338816,450044626,1.56165,-0.0829602,0,0,0,-0.102128,1
1733338816,470729596,1.56906,-0.0837242,0,0,0,-0.103437,1
1733338816,489959706,1.57647,-0.084498,0,0,0,-0.104746,1
1733338816,510103232,1.58387,-0.0852814,0,0,0,-0.106056,1
1733338816,530162405,1.59128,-0.0860746,0,0,0,-0.107365,1
1733338816,550054472,1.59868,-0.0868774,0,0,0,-0.108674,1
1733338816,570127629,1.60609,-0.0876802,0,0,0,-0.107365,1
1733338816,589975089,1.61349,-0.0884734,0,0,0,-0.106056,1
1733338816,609987349,1.6209,-0.0892568,0,0,0,-0.104746,1
1733338816,630010330,1.6283,-0.0900306,0,0,0,-0.103437,1
1733338816,650646468,1.63571,-0.0907946,0,0,0,-0.102128,1
1733338816,670104420,1.64312,-0.0915587,0,0,0,-0.103437,1
1733338816,689945799,1.65052,-0.0923324,0,0,0,-0.104746,1
1733338816,710413519,1.65793,-0.0931159,0,0,0,-0.106056,1
1733338816,730895480,1.66533,-0.093909,0,0,0,-0.107365,1
1733338816,750198007,1.67274,-0.0947119,0,0,0,-0.108674,1
1733338816,772201036,1.68014,-0.0955147,0,0,0,-0.107365,1
1733338816,790045118,1.68754,-0.0963079,0,0,0,-0.106056,1
1733338816,811079339,1.69495,-0.0970913,0,0,0,-0.104746,1
1733338816,830750125,1.70236,-0.0978651,0,0,0,-0.103437,1
1733338816,850062764,1.70976,-0.0986291,0,0,0,-0.102128,1
1733338816,870287314,1.71759,-0.0994368,0,0,0,-0.103437,1
1733338816,889936916,1.72542,-0.100255,0,0,0,-0.104746,1
1733338816,910244539,1.73325,-0.101083,0,0,0,-0.106056,1
1733338816,930992166,1.74108,-0.101921,0,0,0,-0.107365,1
1733338816,950747624,1.74891,-0.10277,0,0,0,-0.108674,1
1733338816,970148392,1.75673,-0.103619,0,0,0,-0.107365,1
1733338816,990532367,1.76456,-0.104457,0,0,0,-0.106056,1
1733338817,9986063,1.77239,-0.105286,0,0,0,-0.104746,1
1733338817,30012692,1.78022,-0.106104,0,0,0,-0.103437,1
1733338817,49941176,1.78805,-0.106911,0,0,0,-0.102128,1
1733338817,69977949,1.79546,-0.107675,0,0,0,-0.103437,1
1733338817,90086946,1.80286,-0.108449,0,0,0,-0.104746,1
1733338817,110169351,1.81027,-0.109233,0,0,0,-0.106056,1
1733338817,130216396,1.81767,-0.110026,0,0,0,-0.107365,1
1733338817,152517316,1.82508,-0.110829,0,0,0,-0.108674,1
1733338817,170061140,1.82487,-0.110806,0,0,0,-0.102128,1
1733338817,196858608,1.82465,-0.110785,0,0,0,-0.095581,1
1733338817,210083901,1.82444,-0.110766,0,0,0,-0.0890343,1
1733338817,230097890,1.82423,-0.110747,0,0,0,-0.0824876,1
1733338817,249960069,1.82402,-0.11073,0,0,0,-0.0759409,1
1733338817,270598383,1.82593,-0.110879,0,0,0,-0.0798689,1
1733338817,290205936,1.82784,-0.111036,0,0,0,-0.0837969,1
1733338817,310297141,1.82974,-0.1112,0,0,0,-0.0877249,1
1733338817,330139448,1.83165,-0.111372,0,0,0,-0.0916529,1
1733338817,350507904,1.83356,-0.111551,0,0,0,-0.0955809,1
1733338817,370056545,1.83462,-0.111653,0,0,0,-0.0968903,1
1733338817,390024421,1.83568,-0.111756,0,0,0,-0.0981996,1
1733338817,414755888,1.83673,-0.111861,0,0,0,-0.0995089,1
1733338817,430276624,1.83779,-0.111968,0,0,0,-0.100818,1
1733338817,449980754,1.83885,-0.112076,0,0,0,-0.102128,1
1733338817,470047159,1.83906,-0.112097,0,0,0,-0.103437,1
1733338817,489999067,1.83927,-0.112119,0,0,0,-0.104746,1
1733338817,510103552,1.83949,-0.112142,0,0,0,-0.106056,1
1733338817,529959748,1.8397,-0.112164,0,0,0,-0.107365,1
1733338817,552605086,1.83991,-0.112187,0,0,0,-0.108674,1
1733338817,569954797,1.83991,-0.112187,0,0,0,-0.108674,1
1733338817,590617271,1.83991,-0.112187,0,0,0,-0.108674,1
1733338817,610012246,1.83991,-0.112187,0,0,0,-0.108674,1
1733338817,633868538,1.83991,-0.112187,0,0,0,-0.108674,1
1733338817,649939550,1.83991,-0.112187,0,0,0,-0.108674,1
1733338817,670005251,1.83991,-0.112187,0,0,0,-0.108674,1
1733338817,689941127,1.83991,-0.112187,0,0,0,-0.108674,1
1733338817,711150262,1.83991,-0.112187,0,0,0,-0.108674,1
1733338817,729982033,1.83991,-0.112187,0,0,0,-0.108674,1
1733338817,750961693,1.83991,-0.112187,0,0,0,-0.108674,1
1733338817,770267004,1.83991,-0.112187,0,0,0,-0.108674,1
1733338817,792187216,1.83991,-0.112187,0,0,0,-0.108674,1
1733338817,810027779,1.83991,-0.112187,0,0,0,-0.108674,1
1733338817,831630229,1.83991,-0.112187,0,0,0,-0.108674,1
1733338817,851087637,1.83991,-0.112187,0,0,0,-0.108674,1
1733338817,870107985,1.83991,-0.112187,0,0,0,-0.108674,1
1733338817,890998461,1.83991,-0.112187,0,0,0,-0.108674,1
1733338817,912787152,1.83991,-0.112187,0,0,0,-0.108674,1
1733338817,930061694,1.83991,-0.112187,0,0,0,-0.108674,1
1733338817,961825763,1.83991,-0.112187,0,0,0,-0.108674,1
1733338817,970146728,1.83991,-0.112187,0,0,0,-0.108674,1
1733338817,992475680,1.83991,-0.112187,0,0,0,-0.108674,1
1733338818,11247162,1.83991,-0.112187,0,0,0,-0.108674,1
1733338818,31122685,1.83991,-0.112187,0,0,0,-0.108674,1
1733338818,50052793,1.83991,-0.112187,0,0,0,-0.108674,1
1733338818,70147326,1.83991,-0.112187,0,0,0,-0.108674,1
1733338818,89999746,1.83991,-0.112187,0,0,0,-0.108674,1
1733338818,109973830,1.83991,-0.112187,0,0,0,-0.108674,1
1733338818,129962538,1.83991,-0.112187,0,0,0,-0.108674,1
1733338818,150376562,1.83991,-0.112187,0,0,0,-0.108674,1
1733338818,169954483,1.83991,-0.112187,0,0,0,-0.108674,1
1733338818,189954648,1.83991,-0.112187,0,0,0,-0.108674,1
1733338818,209993244,1.83991,-0.112187,0,0,0,-0.108674,1
1733338818,230575942,1.83991,-0.112187,0,0,0,-0.108674,1
1733338818,249947973,1.83991,-0.112187,0,0,0,-0.108674,1
1733338818,270448109,1.83991,-0.112187,0,0,0,-0.108674,1
1733338818,289960366,1.83991,-0.112187,0,0,0,-0.108674,1
1733338818,309987923,1.83991,-0.112187,0,0,0,-0.108674,1
1733338818,329985783,1.83991,-0.112187,0,0,0,-0.108674,1
1733338818,350790722,1.83991,-0.112187,0,0,0,-0.108674,1
1733338818,370083329,1.83991,-0.112187,0,0,0,-0.108674,1
1733338818,389987397,1.83991,-0.112187,0,0,0,-0.108674,1
1733338818,410003721,1.83991,-0.112187,0,0,0,-0.108674,1
1733338818,430002254,1.83991,-0.112187,0,0,0,-0.108674,1
1733338818,451736480,1.83991,-0.112187,0,0,0,-0.108674,1
1733338818,470084087,1.83991,-0.112187,0,0,0,-0.108674,1
1733338818,491440999,1.83991,-0.112187,0,0,0,-0.108674,1
1733338818,510053568,1.83991,-0.112187,0,0,0,-0.108674,1
1733338818,531874515,1.83991,-0.112187,0,0,0,-0.108674,1
1733338818,550433676,1.83991,-0.112187,0,0,0,-0.108674,1
1733338818,570123982,1.83991,-0.112187,0,0,0,-0.108674,1
1733338818,589936273,1.83991,-0.112187,0,0,0,-0.108674,1
1733338818,610061686,1.83991,-0.112187,0,0,0,-0.108674,1
1733338818,630072955,1.83991,-0.112187,0,0,0,-0.108674,1
1733338818,650006303,1.83991,-0.112187,0,0,0,-0.108674,1
1733338818,671113228,1.83991,-0.112187,0,0,0,-0.108674,1
1733338818,691310418,1.83991,-0.112187,0,0,0,-0.108674,1
1733338818,710036588,1.83991,-0.112187,0,0,0,-0.108674,1
1733338818,730037425,1.83991,-0.112187,0,0,0,-0.108674,1
1733338818,750764123,1.83991,-0.112187,0,0,0,-0.108674,1
1733338818,770985282,1.83991,-0.112187,0,0,0,-0.108674,1
1733338818,789963454,1.83991,-0.112187,0,0,0,-0.108674,1
1733338818,809991650,1.83991,-0.112187,0,0,0,-0.108674,1
1733338818,831074480,1.83991,-0.112187,0,0,0,-0.108674,1
1733338818,853287494,1.83991,-0.112187,0,0,0,-0.108674,1
1733338818,869999280,1.83991,-0.112187,0,0,0,-0.108674,1
1733338818,889982932,1.83991,-0.112187,0,0,0,-0.108674,1
1733338818,909971993,1.83991,-0.112187,0,0,0,-0.108674,1
1733338818,931713035,1.83991,-0.112187,0,0,0,-0.108674,1
1733338818,949940257,1.83991,-0.112187,0,0,0,-0.108674,1
1733338818,969987014,1.83991,-0.112187,0,0,0,-0.108674,1
1733338818,990008811,1.83991,-0.112187,0,0,0,-0.108674,1
1733338819,10173553,1.83991,-0.112187,0,0,0,-0.108674,1
1733338819,30072180,1.83991,-0.112187,0,0,0,-0.108674,1
1733338819,49987480,1.83991,-0.112187,0,0,0,-0.108674,1
1733338819,70014877,1.83991,-0.112187,0,0,0,-0.108674,1
1733338819,90039361,1.83991,-0.112187,0,0,0,-0.108674,1
1733338819,110745868,1.83991,-0.112187,0,0,0,-0.108674,1
1733338819,132052859,1.83991,-0.112187,0,0,0,-0.108674,1
1733338819,150405586,1.83991,-0.112187,0,0,0,-0.108674,1
1733338819,173160749,1.83991,-0.112187,0,0,0,-0.108674,1
1733338819,190821182,1.83991,-0.112187,0,0,0,-0.108674,1
1733338819,211366919,1.83991,-0.112187,0,0,0,-0.108674,1
1733338819,230896104,1.83991,-0.112187,0,0,0,-0.108674,1
1733338819,250234247,1.83991,-0.112187,0,0,0,-0.108674,1
1733338819,270108266,1.83991,-0.112187,0,0,0,-0.108674,1
1733338819,292575619,1.83991,-0.112187,0,0,0,-0.108674,1
1733338819,312624584,1.83991,-0.112187,0,0,0,-0.108674,1
1733338819,330159736,1.83991,-0.112187,0,0,0,-0.108674,1
1733338819,350013403,1.83991,-0.112187,0,0,0,-0.108674,1
1733338819,370040864,1.83991,-0.112187,0,0,0,-0.108674,1
1733338819,390126053,1.83991,-0.112187,0,0,0,-0.108674,1
1733338819,410889200,1.83991,-0.112187,0,0,0,-0.108674,1
1733338819,430011597,1.83991,-0.112187,0,0,0,-0.108674,1
1733338819,450028145,1.83991,-0.112187,0,0,0,-0.108674,1
1733338819,469974805,1.83991,-0.112187,0,0,0,-0.108674,1
1733338819,491151780,1.83991,-0.112187,0,0,0,-0.108674,1
1733338819,510007871,1.83991,-0.112187,0,0,0,-0.108674,1
1733338819,530231365,1.83991,-0.112187,0,0,0,-0.108674,1
1733338819,550009000,1.83991,-0.112187,0,0,0,-0.108674,1
1733338819,570136749,1.83991,-0.112187,0,0,0,-0.108674,1
1733338819,590013137,1.83991,-0.112187,0,0,0,-0.108674,1
1733338819,609973461,1.83991,-0.112187,0,0,0,-0.108674,1
1733338819,630139130,1.83991,-0.112187,0,0,0,-0.108674,1
1733338819,651903245,1.83991,-0.112187,0,0,0,-0.108674,1
1733338819,669955202,1.83991,-0.112187,0,0,0,-0.108674,1
1733338819,690208648,1.83991,-0.112187,0,0,0,-0.108674,1
1733338819,710026315,1.83991,-0.112187,0,0,0,-0.108674,1
1733338819,730007504,1.83991,-0.112187,0,0,0,-0.108674,1
1733338819,750039092,1.83991,-0.112187,0,0,0,-0.108674,1
1733338819,770075449,1.83991,-0.112187,0,0,0,-0.108674,1
1733338819,791887437,1.83991,-0.112187,0,0,0,-0.108674,1
1733338819,810163363,1.83991,-0.112187,0,0,0,-0.108674,1
1733338819,833938918,1.83991,-0.112187,0,0,0,-0.108674,1
1733338819,852415006,1.83991,-0.112187,0,0,0,-0.108674,1
1733338819,870229969,1.83991,-0.112187,0,0,0,-0.108674,1
1733338819,889951443,1.83991,-0.112187,0,0,0,-0.108674,1
1733338819,909945591,1.83991,-0.112187,0,0,0,-0.108674,1
1733338819,931869868,1.83991,-0.112187,0,0,0,-0.108674,1
1733338819,949959744,1.83991,-0.112187,0,0,0,-0.108674,1
1733338819,969965765,1.83991,-0.112187,0,0,0,-0.108674,1
1733338819,990048042,1.83991,-0.112187,0,0,0,-0.108674,1
1733338820,9991150,1.83991,-0.112187,0,0,0,-0.108674,1
1733338820,31287549,1.83991,-0.112187,0,0,0,-0.108674,1
1733338820,49941270,1.83991,-0.112187,0,0,0,-0.108674,1
1733338820,70029436,1.83991,-0.112187,0,0,0,-0.108674,1
1733338820,89960191,1.83991,-0.112187,0,0,0,-0.108674,1
1733338820,109993924,1.83991,-0.112187,0,0,0,-0.108674,1
1733338820,130049353,1.83991,-0.112187,0,0,0,-0.108674,1
1733338820,150283343,1.83991,-0.112187,0,0,0,-0.108674,1
1733338820,170039730,1.83991,-0.112187,0,0,0,-0.108674,1
1733338820,191789573,1.83991,-0.112187,0,0,0,-0.108674,1
1733338820,210196476,1.83991,-0.112187,0,0,0,-0.108674,1
1733338820,230522339,1.83991,-0.112187,0,0,0,-0.108674,1
1733338820,251150189,1.83991,-0.112187,0,0,0,-0.108674,1
1733338820,270999696,1.83991,-0.112187,0,0,0,-0.108674,1
1733338820,290302863,1.83991,-0.112187,0,0,0,-0.108674,1
1733338820,310098897,1.83991,-0.112187,0,0,0,-0.108674,1
1733338820,330236855,1.83991,-0.112187,0,0,0,-0.108674,1
1733338820,350278844,1.83991,-0.112187,0,0,0,-0.108674,1
1733338820,372436178,1.83991,-0.112187,0,0,0,-0.108674,1
1733338820,390075619,1.83991,-0.112187,0,0,0,-0.108674,1
1733338820,410060231,1.83991,-0.112187,0,0,0,-0.108674,1
1733338820,431099572,1.83991,-0.112187,0,0,0,-0.108674,1
1733338820,449942607,1.83991,-0.112187,0,0,0,-0.108674,1
1733338820,470067285,1.83991,-0.112187,0,0,0,-0.108674,1
1733338820,491231235,1.83991,-0.112187,0,0,0,-0.108674,1
1733338820,510289759,1.83991,-0.112187,0,0,0,-0.108674,1
1733338820,531681071,1.83991,-0.112187,0,0,0,-0.108674,1
1733338820,550113767,1.83991,-0.112187,0,0,0,-0.108674,1
1733338820,570000650,1.83991,-0.112187,0,0,0,-0.108674,1
1733338820,590072911,1.83991,-0.112187,0,0,0,-0.108674,1
1733338820,610008403,1.83991,-0.112187,0,0,0,-0.108674,1
1733338820,630599613,1.83991,-0.112187,0,0,0,-0.108674,1
1733338820,650988004,1.83991,-0.112187,0,0,0,-0.108674,1
1733338820,669966016,1.83991,-0.112187,0,0,0,-0.108674,1
1733338820,690106406,1.83991,-0.112187,0,0,0,-0.108674,1
1733338820,710111146,1.83991,-0.112187,0,0,0,-0.108674,1
1733338820,729984046,1.83991,-0.112187,0,0,0,-0.108674,1
1733338820,749964498,1.83991,-0.112187,0,0,0,-0.108674,1
1733338820,770050263,1.83991,-0.112187,0,0,0,-0.108674,1
1733338820,790468415,1.83991,-0.112187,0,0,0,-0.108674,1
1733338820,810034368,1.83991,-0.112187,0,0,0,-0.108674,1
1733338820,830463848,1.83991,-0.112187,0,0,0,-0.108674,1
1733338820,849985576,1.83991,-0.112187,0,0,0,-0.108674,1
1733338820,870671859,1.83991,-0.112187,0,0,0,-0.108674,1
1733338820,890675063,1.83991,-0.112187,0,0,0,-0.108674,1
1733338820,910009590,1.83991,-0.112187,0,0,0,-0.108674,1
1733338820,938403263,1.83991,-0.112187,0,0,0,-0.108674,1
1733338820,949987423,1.83991,-0.112187,0,0,0,-0.108674,1
1733338820,969972259,1.83991,-0.112187,0,0,0,-0.108674,1
1733338820,990020872,1.83991,-0.112187,0,0,0,-0.108674,1
1733338821,9973484,1.83991,-0.112187,0,0,0,-0.108674,1
1733338821,30115057,1.83991,-0.112187,0,0,0,-0.108674,1
1733338821,49896596,1.83991,-0.112187,0,0,0,-0.108674,1
1733338821,70010873,1.83991,-0.112187,0,0,0,-0.108674,1
1733338821,90139135,1.83991,-0.112187,0,0,0,-0.108674,1
1733338821,110012162,1.83991,-0.112187,0,0,0,-0.108674,1
1733338821,130631180,1.83991,-0.112187,0,0,0,-0.108674,1
1733338821,150056908,1.83991,-0.112187,0,0,0,-0.108674,1
1733338821,179015994,1.83991,-0.112187,0,0,0,-0.108674,1
1733338821,189945491,1.83991,-0.112187,0,0,0,-0.108674,1
1733338821,209968120,1.83991,-0.112187,0,0,0,-0.108674,1
1733338821,231701579,1.83991,-0.112187,0,0,0,-0.108674,1
1733338821,250784264,1.83991,-0.112187,0,0,0,-0.108674,1
1733338821,269936197,1.83991,-0.112187,0,0,0,-0.108674,1
1733338821,293958571,1.83991,-0.112187,0,0,0,-0.108674,1
1733338821,309984846,1.83991,-0.112187,0,0,0,-0.108674,1
1733338821,329934162,1.83991,-0.112187,0,0,0,-0.108674,1
1733338821,349958711,1.83991,-0.112187,0,0,0,-0.108674,1
1733338821,369951003,1.83991,-0.112187,0,0,0,-0.108674,1
1733338821,389923616,1.83991,-0.112187,0,0,0,-0.108674,1
1733338821,410056229,1.83991,-0.112187,0,0,0,-0.108674,1
1733338821,429999785,1.83991,-0.112187,0,0,0,-0.108674,1
1733338821,449967181,1.83991,-0.112187,0,0,0,-0.108674,1
1733338821,469970770,1.83991,-0.112187,0,0,0,-0.108674,1
1733338821,490455770,1.83991,-0.112187,0,0,0,-0.108674,1
1733338821,509987131,1.83991,-0.112187,0,0,0,-0.108674,1
1733338821,531925295,1.83991,-0.112187,0,0,0,-0.108674,1
1733338821,550134469,1.83991,-0.112187,0,0,0,-0.108674,1
1733338821,570021736,1.83991,-0.112187,0,0,0,-0.108674,1
1733338821,589979276,1.83991,-0.112187,0,0,0,-0.108674,1
1733338821,611018841,1.83991,-0.112187,0,0,0,-0.108674,1
1733338821,629964917,1.83991,-0.112187,0,0,0,-0.108674,1
1733338821,649942745,1.83991,-0.112187,0,0,0,-0.108674,1
1733338821,670055071,1.83991,-0.112187,0,0,0,-0.108674,1
1733338821,690115812,1.83991,-0.112187,0,0,0,-0.108674,1
1733338821,709954503,1.83991,-0.112187,0,0,0,-0.108674,1
1733338821,730027692,1.83991,-0.112187,0,0,0,-0.108674,1
1733338821,750779734,1.83991,-0.112187,0,0,0,-0.108674,1
1733338821,771933060,1.83991,-0.112187,0,0,0,-0.108674,1
1733338821,791091010,1.83991,-0.112187,0,0,0,-0.108674,1
1733338821,810118430,1.83991,-0.112187,0,0,0,-0.108674,1
1733338821,829994498,1.83991,-0.112187,0,0,0,-0.108674,1
1733338821,850093895,1.83991,-0.112187,0,0,0,-0.108674,1
1733338821,870062955,1.83991,-0.112187,0,0,0,-0.108674,1
1733338821,890131984,1.83991,-0.112187,0,0,0,-0.108674,1
1733338821,909977267,1.83991,-0.112187,0,0,0,-0.108674,1
1733338821,929991448,1.83991,-0.112187,0,0,0,-0.108674,1
1733338821,953636538,1.83991,-0.112187,0,0,0,-0.108674,1
1733338821,969970496,1.83991,-0.112187,0,0,0,-0.108674,1
1733338821,989956517,1.83991,-0.112187,0,0,0,-0.108674,1
1733338822,9975177,1.83991,-0.112187,0,0,0,-0.108674,1
1733338822,30189839,1.83991,-0.112187,0,0,0,-0.108674,1
1733338822,50024018,1.83991,-0.112187,0,0,0,-0.108674,1
1733338822,70118296,1.83991,-0.112187,0,0,0,-0.108674,1
1733338822,89947259,1.83991,-0.112187,0,0,0,-0.108674,1
1733338822,109996927,1.83991,-0.112187,0,0,0,-0.108674,1
1733338822,130422855,1.83991,-0.112187,0,0,0,-0.108674,1
1733338822,150388972,1.83991,-0.112187,0,0,0,-0.108674,1
1733338822,170259951,1.83991,-0.112187,0,0,0,-0.108674,1
1733338822,191633215,1.83991,-0.112187,0,0,0,-0.108674,1
1733338822,212450442,1.83991,-0.112187,0,0,0,-0.108674,1
1733338822,229922553,1.83991,-0.112187,0,0,0,-0.108674,1
1733338822,250126207,1.83991,-0.112187,0,0,0,-0.108674,1
1733338822,270056803,1.83991,-0.112187,0,0,0,-0.108674,1
1733338822,290021255,1.83991,-0.112187,0,0,0,-0.108674,1
1733338822,310010860,1.83991,-0.112187,0,0,0,-0.108674,1
1733338822,335077914,1.83991,-0.112187,0,0,0,-0.108674,1
1733338822,350323415,1.83991,-0.112187,0,0,0,-0.108674,1
1733338822,370330460,1.83991,-0.112187,0,0,0,-0.108674,1
1733338822,390043198,1.83991,-0.112187,0,0,0,-0.108674,1
1733338822,410052034,1.83991,-0.112187,0,0,0,-0.108674,1
1733338822,430074119,1.83991,-0.112187,0,0,0,-0.108674,1
1733338822,450050475,1.83991,-0.112187,0,0,0,-0.108674,1
1733338822,471318106,1.83991,-0.112187,0,0,0,-0.108674,1
1733338822,490280918,1.83991,-0.112187,0,0,0,-0.108674,1
1733338822,509968056,1.83991,-0.112187,0,0,0,-0.108674,1
1733338822,530065917,1.83991,-0.112187,0,0,0,-0.108674,1
1733338822,550133282,1.83991,-0.112187,0,0,0,-0.108674,1
1733338822,570075782,1.83991,-0.112187,0,0,0,-0.108674,1
1733338822,590265260,1.83991,-0.112187,0,0,0,-0.108674,1
1733338822,610909109,1.83991,-0.112187,0,0,0,-0.108674,1
1733338822,630071155,1.83991,-0.112187,0,0,0,-0.108674,1
1733338822,650088663,1.83991,-0.112187,0,0,0,-0.108674,1
1733338822,670050747,1.83991,-0.112187,0,0,0,-0.108674,1
1733338822,690124545,1.83991,-0.112187,0,0,0,-0.108674,1
1733338822,709971236,1.83991,-0.112187,0,0,0,-0.108674,1
1733338822,730099913,1.83991,-0.112187,0,0,0,-0.108674,1
1733338822,749984109,1.83991,-0.112187,0,0,0,-0.108674,1
1733338822,770097714,1.83991,-0.112187,0,0,0,-0.108674,1
1733338822,790057014,1.83991,-0.112187,0,0,0,-0.108674,1
1733338822,810097947,1.83991,-0.112187,0,0,0,-0.108674,1
1733338822,830119551,1.83991,-0.112187,0,0,0,-0.108674,1
1733338822,853462975,1.83991,-0.112187,0,0,0,-0.108674,1
1733338822,870096648,1.83991,-0.112187,0,0,0,-0.108674,1
1733338822,893082405,1.83991,-0.112187,0,0,0,-0.108674,1
1733338822,910031056,1.83991,-0.112187,0,0,0,-0.108674,1
1733338822,930875036,1.83991,-0.112187,0,0,0,-0.108674,1
1733338822,950798687,1.83991,-0.112187,0,0,0,-0.108674,1
1733338822,972076526,1.83991,-0.112187,0,0,0,-0.108674,1
1733338822,991980114,1.83991,-0.112187,0,0,0,-0.108674,1
1733338823,10059143,1.83991,-0.112187,0,0,0,-0.108674,1
1733338823,30160460,1.83991,-0.112187,0,0,0,-0.108674,1
1733338823,50084688,1.83991,-0.112187,0,0,0,-0.108674,1
1733338823,70046420,1.83991,-0.112187,0,0,0,-0.108674,1
1733338823,90110201,1.83991,-0.112187,0,0,0,-0.108674,1
1733338823,109996924,1.83991,-0.112187,0,0,0,-0.108674,1
1733338823,131664366,1.83991,-0.112187,0,0,0,-0.108674,1
1733338823,149980037,1.83991,-0.112187,0,0,0,-0.108674,1
1733338823,170017705,1.83991,-0.112187,0,0,0,-0.108674,1
1733338823,190118127,1.83991,-0.112187,0,0,0,-0.108674,1
1733338823,212664904,1.83991,-0.112187,0,0,0,-0.108674,1
1733338823,229952022,1.83991,-0.112187,0,0,0,-0.108674,1
1733338823,250481471,1.83991,-0.112187,0,0,0,-0.108674,1
1733338823,269969023,1.83991,-0.112187,0,0,0,-0.108674,1
1733338823,290077540,1.83991,-0.112187,0,0,0,-0.108674,1
1733338823,310041160,1.83991,-0.112187,0,0,0,-0.108674,1
1733338823,330099661,1.83991,-0.112187,0,0,0,-0.108674,1
1733338823,351998753,1.83991,-0.112187,0,0,0,-0.108674,1
1733338823,370238167,1.83991,-0.112187,0,0,0,-0.108674,1
1733338823,389972505,1.83991,-0.112187,0,0,0,-0.108674,1
1733338823,410382241,1.83991,-0.112187,0,0,0,-0.108674,1
1733338823,430022275,1.83991,-0.112187,0,0,0,-0.108674,1
1733338823,453777254,1.83991,-0.112187,0,0,0,-0.108674,1
1733338823,470110924,1.83991,-0.112187,0,0,0,-0.108674,1
1733338823,490289618,1.83991,-0.112187,0,0,0,-0.108674,1
1733338823,510038644,1.83991,-0.112187,0,0,0,-0.108674,1
1733338823,530018201,1.83991,-0.112187,0,0,0,-0.108674,1
1733338823,550769603,1.83991,-0.112187,0,0,0,-0.108674,1
1733338823,570034690,1.83991,-0.112187,0,0,0,-0.108674,1
1733338823,590739820,1.83991,-0.112187,0,0,0,-0.108674,1
1733338823,610021866,1.83991,-0.112187,0,0,0,-0.108674,1
1733338823,630078703,1.83991,-0.112187,0,0,0,-0.108674,1
1733338823,649951698,1.83991,-0.112187,0,0,0,-0.108674,1
1733338823,671723045,1.83991,-0.112187,0,0,0,-0.108674,1
1733338823,690692865,1.83991,-0.112187,0,0,0,-0.108674,1
1733338823,710917736,1.83991,-0.112187,0,0,0,-0.108674,1
1733338823,730661258,1.83991,-0.112187,0,0,0,-0.108674,1
1733338823,749978953,1.83991,-0.112187,0,0,0,-0.108674,1
1733338823,770068078,1.83991,-0.112187,0,0,0,-0.108674,1
1733338823,795274717,1.83991,-0.112187,0,0,0,-0.108674,1
1733338823,811363169,1.83991,-0.112187,0,0,0,-0.108674,1
1733338823,831618216,1.83991,-0.112187,0,0,0,-0.108674,1
1733338823,859497901,1.83991,-0.112187,0,0,0,-0.108674,1
1733338823,872875131,1.83991,-0.112187,0,0,0,-0.108674,1
1733338823,889935975,1.83991,-0.112187,0,0,0,-0.108674,1
1733338823,910399151,1.83991,-0.112187,0,0,0,-0.108674,1
1733338823,930197650,1.83991,-0.112187,0,0,0,-0.108674,1
1733338823,949962101,1.83991,-0.112187,0,0,0,-0.108674,1
1733338823,969954265,1.83991,-0.112187,0,0,0,-0.108674,1
1733338823,990309760,1.83991,-0.112187,0,0,0,-0.108674,1
1733338824,9979586,1.83991,-0.112187,0,0,0,-0.108674,1
1733338824,29973606,1.83991,-0.112187,0,0,0,-0.108674,1
1733338824,50032491,1.83991,-0.112187,0,0,0,-0.108674,1
1733338824,70001871,1.83991,-0.112187,0,0,0,-0.108674,1
1733338824,95692706,1.83991,-0.112187,0,0,0,-0.108674,1
1733338824,109987832,1.83991,-0.112187,0,0,0,-0.108674,1
1733338824,129945148,1.83991,-0.112187,0,0,0,-0.108674,1
1733338824,149939936,1.83991,-0.112187,0,0,0,-0.108674,1
1733338824,170080678,1.83991,-0.112187,0,0,0,-0.108674,1
1733338824,189896713,1.83991,-0.112187,0,0,0,-0.108674,1
1733338824,210094095,1.83991,-0.112187,0,0,0,-0.108674,1
1733338824,229986834,1.83991,-0.112187,0,0,0,-0.108674,1
1733338824,250035799,1.83991,-0.112187,0,0,0,-0.108674,1
1733338824,270066044,1.83991,-0.112187,0,0,0,-0.108674,1
1733338824,293890431,1.83991,-0.112187,0,0,0,-0.108674,1
1733338824,311867699,1.83991,-0.112187,0,0,0,-0.108674,1
1733338824,329959240,1.83991,-0.112187,0,0,0,-0.108674,1
1733338824,350868276,1.83991,-0.112187,0,0,0,-0.108674,1
1733338824,371362780,1.83991,-0.112187,0,0,0,-0.108674,1
1733338824,390838588,1.83991,-0.112187,0,0,0,-0.108674,1
1733338824,411267460,1.83991,-0.112187,0,0,0,-0.108674,1
1733338824,431539211,1.83991,-0.112187,0,0,0,-0.108674,1
1733338824,451425550,1.83991,-0.112187,0,0,0,-0.108674,1
1733338824,471137488,1.83991,-0.112187,0,0,0,-0.108674,1
1733338824,492432575,1.83991,-0.112187,0,0,0,-0.108674,1
1733338824,510978264,1.83991,-0.112187,0,0,0,-0.108674,1
1733338824,531203358,1.83991,-0.112187,0,0,0,-0.108674,1
1733338824,550033369,1.83991,-0.112187,0,0,0,-0.108674,1
1733338824,570005949,1.83991,-0.112187,0,0,0,-0.108674,1
1733338824,590029153,1.83991,-0.112187,0,0,0,-0.108674,1
1733338824,609964165,1.83991,-0.112187,0,0,0,-0.108674,1
1733338824,630038698,1.83991,-0.112187,0,0,0,-0.108674,1
1733338824,649954574,1.83991,-0.112187,0,0,0,-0.108674,1
1733338824,670078803,1.83991,-0.112187,0,0,0,-0.108674,1
1733338824,689964055,1.83991,-0.112187,0,0,0,-0.108674,1
1733338824,709993851,1.83991,-0.112187,0,0,0,-0.108674,1
1733338824,729994752,1.83991,-0.112187,0,0,0,-0.108674,1
1733338824,749967748,1.83991,-0.112187,0,0,0,-0.108674,1
1733338824,770034025,1.83991,-0.112187,0,0,0,-0.108674,1
1733338824,789941037,1.83991,-0.112187,0,0,0,-0.108674,1
1733338824,810255411,1.83991,-0.112187,0,0,0,-0.108674,1
1733338824,830265592,1.83991,-0.112187,0,0,0,-0.108674,1
1733338824,850991778,1.83991,-0.112187,0,0,0,-0.108674,1
1733338824,869998911,1.83991,-0.112187,0,0,0,-0.108674,1
1733338824,890038531,1.83991,-0.112187,0,0,0,-0.108674,1
1733338824,909979719,1.83991,-0.112187,0,0,0,-0.108674,1
1733338824,930076172,1.83991,-0.112187,0,0,0,-0.108674,1
1733338824,949944784,1.83991,-0.112187,0,0,0,-0.108674,1
1733338824,970061813,1.83991,-0.112187,0,0,0,-0.108674,1
1733338824,991650310,1.83991,-0.112187,0,0,0,-0.108674,1
1733338825,9926301,1.83991,-0.112187,0,0,0,-0.108674,1
1733338825,30058242,1.83991,-0.112187,0,0,0,-0.108674,1
1733338825,50342313,1.83991,-0.112187,0,0,0,-0.108674,1
1733338825,69967498,1.83991,-0.112187,0,0,0,-0.108674,1
1733338825,89957934,1.83991,-0.112187,0,0,0,-0.108674,1
1733338825,110091476,1.83991,-0.112187,0,0,0,-0.108674,1
